"",".id","X..i.."
"1","0","Heat (1995)"
"2","0","Sabrina (1995)"
"3","0","Jumanji (1995)"
"4","0","Father of the Bride Part II (1995)"
"5","0","Grumpier Old Men (1995)"
"6","1","Jumanji (1995)"
"7","1","GoldenEye (1995)"
"8","2","Sudden Death (1995)"
"9","2","Heat (1995)"
"10","2","Sabrina (1995)"
"11","2","Father of the Bride Part II (1995)"
"12","2","Grumpier Old Men (1995)"
"13","3","Heat (1995)"
"14","3","Grumpier Old Men (1995)"
"15","3","Sudden Death (1995)"
"16","3","Father of the Bride Part II (1995)"
"17","3","GoldenEye (1995)"
"18","4","Father of the Bride Part II (1995)"
"19","4","Heat (1995)"
"20","4","Toy Story (1995)"
"21","4","Grumpier Old Men (1995)"
"22","4","Sabrina (1995)"
"23","5","GoldenEye (1995)"
"24","5","Grumpier Old Men (1995)"
"25","5","Sabrina (1995)"
"26","6","Toy Story (1995)"
"27","6","Grumpier Old Men (1995)"
"28","6","Jumanji (1995)"
"29","6","GoldenEye (1995)"
"30","6","Father of the Bride Part II (1995)"
"31","7","Jumanji (1995)"
"32","7","Father of the Bride Part II (1995)"
"33","7","GoldenEye (1995)"
"34","7","Sudden Death (1995)"
"35","8","Toy Story (1995)"
"36","8","Grumpier Old Men (1995)"
"37","8","Jumanji (1995)"
"38","8","GoldenEye (1995)"
"39","8","Father of the Bride Part II (1995)"
"40","9","Sabrina (1995)"
"41","9","Grumpier Old Men (1995)"
"42","9","Waiting to Exhale (1995)"
"43","9","Father of the Bride Part II (1995)"
"44","9","GoldenEye (1995)"
"45","10","Grumpier Old Men (1995)"
"46","10","GoldenEye (1995)"
"47","10","Sabrina (1995)"
"48","10","Heat (1995)"
"49","11","Waiting to Exhale (1995)"
"50","11","Jumanji (1995)"
"51","11","Grumpier Old Men (1995)"
"52","11","Sudden Death (1995)"
"53","12","Father of the Bride Part II (1995)"
"54","12","Heat (1995)"
"55","12","Toy Story (1995)"
"56","12","Grumpier Old Men (1995)"
"57","12","Sabrina (1995)"
"58","13","Heat (1995)"
"59","13","Toy Story (1995)"
"60","13","GoldenEye (1995)"
"61","13","Sabrina (1995)"
"62","13","Grumpier Old Men (1995)"
"63","14","Heat (1995)"
"64","14","GoldenEye (1995)"
"65","14","Jumanji (1995)"
"66","14","Tom and Huck (1995)"
"67","14","Toy Story (1995)"
"68","15","Grumpier Old Men (1995)"
"69","15","GoldenEye (1995)"
"70","15","Sabrina (1995)"
"71","15","Heat (1995)"
"72","16","Toy Story (1995)"
"73","16","Grumpier Old Men (1995)"
"74","16","Sabrina (1995)"
"75","16","Jumanji (1995)"
"76","16","Father of the Bride Part II (1995)"
"77","17","Waiting to Exhale (1995)"
"78","17","Grumpier Old Men (1995)"
"79","17","Heat (1995)"
"80","17","Father of the Bride Part II (1995)"
"81","17","Sudden Death (1995)"
"82","18","Heat (1995)"
"83","18","Waiting to Exhale (1995)"
"84","18","Toy Story (1995)"
"85","18","GoldenEye (1995)"
"86","18","Sudden Death (1995)"
"87","19","GoldenEye (1995)"
"88","19","Grumpier Old Men (1995)"
"89","19","Sabrina (1995)"
"90","20","Heat (1995)"
"91","20","Toy Story (1995)"
"92","20","GoldenEye (1995)"
"93","20","Grumpier Old Men (1995)"
"94","20","Sabrina (1995)"
"95","21","Toy Story (1995)"
"96","21","GoldenEye (1995)"
"97","21","Sabrina (1995)"
"98","21","Sudden Death (1995)"
"99","21","Grumpier Old Men (1995)"
"100","22","Grumpier Old Men (1995)"
"101","22","GoldenEye (1995)"
"102","22","Sabrina (1995)"
"103","22","Heat (1995)"
"104","23","Toy Story (1995)"
"105","23","Grumpier Old Men (1995)"
"106","23","Jumanji (1995)"
"107","23","GoldenEye (1995)"
"108","23","Father of the Bride Part II (1995)"
"109","24","Grumpier Old Men (1995)"
"110","24","GoldenEye (1995)"
"111","24","Sabrina (1995)"
"112","24","Heat (1995)"
"113","25","Sabrina (1995)"
"114","25","Sudden Death (1995)"
"115","25","Grumpier Old Men (1995)"
"116","25","Waiting to Exhale (1995)"
